<?xml version="1.0" encoding="ISO-8859-1"?>
<!DOCTYPE log4j:configuration SYSTEM "log4j.dtd">
<log4j:configuration
	xmlns:log4j="http://jakarta.apache.org/log4j/"
	debug="true">
	
	<!-- Version: $Revision: 3386 $ -->
	<!-- URL: $URL: https://el4j.svn.sourceforge.net/svnroot/el4j/tags/el4j_3_1/el4j/etc/log4j/log4j.xml $ -->
	<!-- Date: $Date: 2008-11-12 13:54:53 +0100 (Wed, 12 Nov 2008) $ -->
	<!-- Author: $Author: niggli $ -->

	<appender name="console" class="org.apache.log4j.ConsoleAppender">
		<layout class="org.apache.log4j.PatternLayout">
			<param name="ConversionPattern" value="%d %5p [%c] %m%n" />
		</layout>
	</appender>

	<!--
		This smart file appender will save the log files relatively to the given file
		path into the temporary dir given via system property "java.io.tmpdir".
		Under Windows the temp path is normally
		"C:\Documents and Settings\your_username\Local Settings\Temp"
	-->
	<appender name="logfile" class="ch.elca.el4j.util.logging.appenders.SmartDailyRollingFileAppender">
		<param name="File" value="el4j-logging/core_el4j_logging_output.log"/>
		<param name="DatePattern" value="'.'yyyy-MM-dd"/>
		<layout class="org.apache.log4j.PatternLayout">
			<param name="ConversionPattern"
				value="%d %5p [%c] %m%n"/>
		</layout>
	</appender>
	
	<!-- <appender name="acegiSecurityLogfile" class="ch.elca.el4j.util.logging.appenders.SmartRollingFileAppender">
		<param name="File" value="el4j-logging/security_el4j_logging_output.log"/>
		<param name="MaxFileSize" value="100KB"/>
		<param name="MaxBackupIndex" value="10"/>
		<layout class="org.apache.log4j.PatternLayout">
			<param name="ConversionPattern" value="%d %-5p %-17c{2} (%30F:%L) %3x - %m%n"/>
		</layout>
		<filter class="org.apache.log4j.varia.StringMatchFilter">
			<param name="StringToMatch" value="org.acegisecurity" />
			<param name="AcceptOnMatch" value="true" />
		</filter>
	</appender> -->

	
	
	<!-- EL4J framework: show only warnings -->
	<logger name="ch.elca.el4j">
		<level value="WARN"/>
	</logger>
	
	<!-- logger used by eventbus. This is necessary, otherwise exceptions in event listeners are swallowed -->
	<logger name="org.bushe.swing">
		<level value="WARN"/>
	</logger>
	
	<!-- logger for acegi security in JBoss Seam web applications -->
	<!-- <logger name="org.jboss.seam.web">
		<level value="ERROR"/>
		<appender-ref ref="acegiSecurityLogfile"/>
	</logger> -->
	
	<!-- EL4J framwork: debug output, such as all Spring configuration files that are loaded -->
	<!--logger name="el4j.debugging">
		<level value="DEBUG"/>
	</logger-->
	
	<!-- Show by hibernate generated SQL statements -->
	<!--logger name="org.hibernate.SQL">
		<level value="DEBUG"/>
	</logger-->
	
	<!-- c3p0 -->
	<!--<logger name=">log4j.logger.com.mchange.v2.resourcepool.BasicResourcePool">
		<level value="DEBUG"/>
	</logger>-->
	
	
	<root>
		<level value="WARN"/>
		<appender-ref ref="console"/>
		<appender-ref ref="logfile"/>
	</root>
</log4j:configuration>
